{"cameraMode":{"drawMode":0,"name":"Shaded","section":"Shading Mode"},"sceneLighting":true,"audioPlay":false,"sceneViewState":{"m_AlwaysRefresh":false,"showFog":true,"showSkybox":true,"showFlares":true,"showImageEffects":true,"showParticleSystems":true,"showVisualEffectGraphs":true,"m_FxEnabled":false},"in2DMode":false,"pivot":{"x":-273.9240417480469,"y":42.69704055786133,"z":112.82808685302735},"rotation":{"x":0.46128901839256289,"y":-0.21021652221679688,"z":0.11347759515047074,"w":0.8545131683349609},"size":40.927188873291019,"orthographic":true}